<?xml version="1.0" encoding="UTF-8"?>
<kcfg xmlns="http://www.kde.org/standards/kcfg/1.0"
      xmlns:xsi="http://www.w3.org/2001/XMLSchema-instance"
      xsi:schemaLocation="http://www.kde.org/standards/kcfg/1.0
      http://www.kde.org/standards/kcfg/1.0/kcfg.xsd" >
  <kcfgfile name=""/>

  <group name="General">
    <entry name="Blur" type="bool">
      <label>Blur background filling</label>
      <default>false</default>
    </entry>
    <entry name="Color" type="Color">
      <label>Color of the wallpaper</label>
      <default>#000000</default>
    </entry>
    <entry name="FillMode" type="int">
      <label>Sizing, cropping and positioning of the wallpaper image</label>
      <default>0</default>
    </entry>
    <entry name="TransitionAnimationDuration" type="int">
      <label>Fade Transition Animation  (ms)</label>
      <default>1000</default>
    </entry>
    <entry name="Subreddit" type="String">
      <label>Subreddit from which to fetch wallpaper</label>
      <default>"EarthPorn"</default>
    </entry>
    <entry name="WallpaperDelay" type="int">
      <label>How much time in minutes between wallpaper change.</label>
      <default>1440</default>
    </entry>
  </group>

</kcfg>
